{
  "Accuracy": 0.7525323673442007,
  "Precision": 0.7440863010137769,
  "Recall": 0.7689724647414372,
  "F1 Score": 0.7563247242222075,
  "AUC-ROC": 0.8431544450242545,
  "Cohen Kappa": 0.5050829461966037,
  "Log Loss": 0.4695181802577207
}